,Dataset,n_clusters,NUM_TOPICS,max_df,min_df,precision,recall,f-score
0,showcase_noStem2,20.0,50.0,0.9,0.1,63.75,80.58,71.19
1,showcase_noStem2,20.0,50.0,0.9,0.2,58.98,80.58,68.11
2,showcase_noStem2,20.0,50.0,0.9,0.3,57.67,88.35,69.79
3,showcase_noStem2,20.0,50.0,0.9,0.4,60.45,88.35,71.79
0,showcase_noStem2,5.0,50.0,0.5,0.1,46.3,60.2,52.3
1,showcase_noStem2,5.0,50.0,0.5,0.2,41.5,59.2,48.8
2,showcase_noStem2,5.0,50.0,0.5,0.3,42.2,52.4,46.8
3,showcase_noStem2,5.0,50.0,0.5,0.4,44.2,54.4,48.7
4,showcase_noStem2,5.0,50.0,0.6,0.1,35.4,48.5,41.0
5,showcase_noStem2,5.0,50.0,0.6,0.2,53.6,67.0,59.5
6,showcase_noStem2,5.0,50.0,0.6,0.3,47.2,57.3,51.8
7,showcase_noStem2,5.0,50.0,0.6,0.4,51.4,70.9,59.6
8,showcase_noStem2,5.0,50.0,0.7,0.1,44.3,65.0,52.7
9,showcase_noStem2,5.0,50.0,0.7,0.2,55.7,73.8,63.5
10,showcase_noStem2,5.0,50.0,0.7,0.3,41.1,54.4,46.8
11,showcase_noStem2,5.0,50.0,0.7,0.4,49.0,68.0,57.0
12,showcase_noStem2,5.0,50.0,0.8,0.1,26.2,31.1,28.4
13,showcase_noStem2,5.0,50.0,0.8,0.2,46.9,61.2,53.1
14,showcase_noStem2,5.0,50.0,0.8,0.3,43.0,53.4,47.7
15,showcase_noStem2,5.0,50.0,0.8,0.4,35.9,49.5,41.6
16,showcase_noStem2,10.0,50.0,0.5,0.1,60.4,75.7,67.2
17,showcase_noStem2,10.0,50.0,0.5,0.2,55.8,73.8,63.6
18,showcase_noStem2,10.0,50.0,0.5,0.3,47.1,63.1,53.9
19,showcase_noStem2,10.0,50.0,0.5,0.4,58.4,74.8,65.6
20,showcase_noStem2,10.0,50.0,0.6,0.1,51.2,72.8,60.1
21,showcase_noStem2,10.0,50.0,0.6,0.2,58.2,72.8,64.7
22,showcase_noStem2,10.0,50.0,0.6,0.3,64.5,81.6,72.0
23,showcase_noStem2,10.0,50.0,0.6,0.4,58.8,78.6,67.3
24,showcase_noStem2,10.0,50.0,0.7,0.1,52.5,73.8,61.4
25,showcase_noStem2,10.0,50.0,0.7,0.2,66.1,84.5,74.2
26,showcase_noStem2,10.0,50.0,0.7,0.3,54.7,70.9,61.7
27,showcase_noStem2,10.0,50.0,0.7,0.4,58.6,79.6,67.5
28,showcase_noStem2,10.0,50.0,0.8,0.1,48.5,63.1,54.9
29,showcase_noStem2,10.0,50.0,0.8,0.2,58.7,74.8,65.7
30,showcase_noStem2,10.0,50.0,0.8,0.3,56.6,77.7,65.5
31,showcase_noStem2,10.0,50.0,0.8,0.4,55.0,76.7,64.1
32,showcase_noStem2,15.0,50.0,0.5,0.1,61.2,78.6,68.8
33,showcase_noStem2,15.0,50.0,0.5,0.2,57.9,75.7,65.6
34,showcase_noStem2,15.0,50.0,0.5,0.3,65.6,89.3,75.7
35,showcase_noStem2,15.0,50.0,0.5,0.4,57.8,77.7,66.3
36,showcase_noStem2,15.0,50.0,0.6,0.1,56.4,77.7,65.3
37,showcase_noStem2,15.0,50.0,0.6,0.2,65.3,79.6,71.7
38,showcase_noStem2,15.0,50.0,0.6,0.3,67.6,83.5,74.7
39,showcase_noStem2,15.0,50.0,0.6,0.4,60.3,83.5,70.0
40,showcase_noStem2,15.0,50.0,0.7,0.1,53.3,74.8,62.2
41,showcase_noStem2,15.0,50.0,0.7,0.2,65.4,84.5,73.7
42,showcase_noStem2,15.0,50.0,0.7,0.3,58.0,77.7,66.4
43,showcase_noStem2,15.0,50.0,0.7,0.4,61.4,83.5,70.8
44,showcase_noStem2,15.0,50.0,0.8,0.1,53.6,68.9,60.3
45,showcase_noStem2,15.0,50.0,0.8,0.2,66.3,83.5,73.9
46,showcase_noStem2,15.0,50.0,0.8,0.3,58.6,82.5,68.5
47,showcase_noStem2,15.0,50.0,0.8,0.4,59.0,82.5,68.8
48,showcase_noStem2,20.0,50.0,0.5,0.1,63.8,82.5,71.9
49,showcase_noStem2,20.0,50.0,0.5,0.2,60.8,76.7,67.8
50,showcase_noStem2,20.0,50.0,0.5,0.3,64.6,88.3,74.6
51,showcase_noStem2,20.0,50.0,0.5,0.4,61.1,81.6,69.9
52,showcase_noStem2,20.0,50.0,0.6,0.1,62.8,82.5,71.3
53,showcase_noStem2,20.0,50.0,0.6,0.2,64.5,77.7,70.5
54,showcase_noStem2,20.0,50.0,0.6,0.3,69.0,84.5,76.0
55,showcase_noStem2,20.0,50.0,0.6,0.4,65.0,88.3,74.9
56,showcase_noStem2,20.0,50.0,0.7,0.1,58.0,84.5,68.8
57,showcase_noStem2,20.0,50.0,0.7,0.2,67.3,84.5,74.9
58,showcase_noStem2,20.0,50.0,0.7,0.3,62.4,80.6,70.3
59,showcase_noStem2,20.0,50.0,0.7,0.4,61.9,84.5,71.5
60,showcase_noStem2,20.0,50.0,0.8,0.1,57.6,73.8,64.7
61,showcase_noStem2,20.0,50.0,0.8,0.2,63.5,80.6,71.1
62,showcase_noStem2,20.0,50.0,0.8,0.3,59.6,83.5,69.6
63,showcase_noStem2,20.0,50.0,0.8,0.4,59.9,82.5,69.4
64,showcase_noStem2,25.0,50.0,0.5,0.1,67.5,86.4,75.8
65,showcase_noStem2,25.0,50.0,0.5,0.2,63.7,79.6,70.8
66,showcase_noStem2,25.0,50.0,0.5,0.3,64.5,87.4,74.2
67,showcase_noStem2,25.0,50.0,0.5,0.4,65.2,85.4,74.0
68,showcase_noStem2,25.0,50.0,0.6,0.1,63.7,83.5,72.2
69,showcase_noStem2,25.0,50.0,0.6,0.2,67.8,84.5,75.2
70,showcase_noStem2,25.0,50.0,0.6,0.3,72.4,87.4,79.2
71,showcase_noStem2,25.0,50.0,0.6,0.4,66.7,89.3,76.3
72,showcase_noStem2,25.0,50.0,0.7,0.1,61.0,87.4,71.8
73,showcase_noStem2,25.0,50.0,0.7,0.2,65.0,83.5,73.1
74,showcase_noStem2,25.0,50.0,0.7,0.3,62.4,80.6,70.3
75,showcase_noStem2,25.0,50.0,0.7,0.4,60.8,84.5,70.7
76,showcase_noStem2,25.0,50.0,0.8,0.1,57.7,73.8,64.8
77,showcase_noStem2,25.0,50.0,0.8,0.2,62.7,81.6,70.9
78,showcase_noStem2,25.0,50.0,0.8,0.3,62.8,85.4,72.4
79,showcase_noStem2,25.0,50.0,0.8,0.4,60.3,84.5,70.4
80,showcase_noStem2,30.0,50.0,0.5,0.1,67.1,85.4,75.1
81,showcase_noStem2,30.0,50.0,0.5,0.2,67.3,81.6,73.8
82,showcase_noStem2,30.0,50.0,0.5,0.3,64.1,86.4,73.6
83,showcase_noStem2,30.0,50.0,0.5,0.4,64.6,84.5,73.2
84,showcase_noStem2,30.0,50.0,0.6,0.1,64.4,84.5,73.1
85,showcase_noStem2,30.0,50.0,0.6,0.2,69.5,85.4,76.6
86,showcase_noStem2,30.0,50.0,0.6,0.3,71.1,87.4,78.4
87,showcase_noStem2,30.0,50.0,0.6,0.4,64.7,85.4,73.6
88,showcase_noStem2,30.0,50.0,0.7,0.1,64.6,89.3,75.0
89,showcase_noStem2,30.0,50.0,0.7,0.2,63.9,81.6,71.7
90,showcase_noStem2,30.0,50.0,0.7,0.3,64.0,82.5,72.1
91,showcase_noStem2,30.0,50.0,0.7,0.4,62.3,85.4,72.1
92,showcase_noStem2,30.0,50.0,0.8,0.1,61.8,80.6,70.0
93,showcase_noStem2,30.0,50.0,0.8,0.2,63.5,83.5,72.1
94,showcase_noStem2,30.0,50.0,0.8,0.3,64.2,88.3,74.4
95,showcase_noStem2,30.0,50.0,0.8,0.4,61.4,85.4,71.5
96,showcase_noStem2,35.0,50.0,0.5,0.1,71.3,89.3,79.3
97,showcase_noStem2,35.0,50.0,0.5,0.2,70.4,87.4,78.0
98,showcase_noStem2,35.0,50.0,0.5,0.3,61.5,83.5,70.8
99,showcase_noStem2,35.0,50.0,0.5,0.4,66.1,86.4,74.9
100,showcase_noStem2,35.0,50.0,0.6,0.1,64.2,83.5,72.6
101,showcase_noStem2,35.0,50.0,0.6,0.2,71.3,86.4,78.1
102,showcase_noStem2,35.0,50.0,0.6,0.3,68.0,85.4,75.7
103,showcase_noStem2,35.0,50.0,0.6,0.4,65.7,85.4,74.3
104,showcase_noStem2,35.0,50.0,0.7,0.1,68.2,91.3,78.1
105,showcase_noStem2,35.0,50.0,0.7,0.2,65.3,83.5,73.3
106,showcase_noStem2,35.0,50.0,0.7,0.3,64.7,84.5,73.3
107,showcase_noStem2,35.0,50.0,0.7,0.4,63.2,85.4,72.6
108,showcase_noStem2,35.0,50.0,0.8,0.1,62.8,81.6,70.9
109,showcase_noStem2,35.0,50.0,0.8,0.2,63.1,83.5,71.9
110,showcase_noStem2,35.0,50.0,0.8,0.3,68.0,92.2,78.3
111,showcase_noStem2,35.0,50.0,0.8,0.4,63.0,85.4,72.5
112,showcase_noStem2,40.0,50.0,0.5,0.1,74.3,91.3,81.9
113,showcase_noStem2,40.0,50.0,0.5,0.2,71.4,88.3,79.0
114,showcase_noStem2,40.0,50.0,0.5,0.3,66.0,88.3,75.6
115,showcase_noStem2,40.0,50.0,0.5,0.4,70.1,90.3,78.9
116,showcase_noStem2,40.0,50.0,0.6,0.1,67.1,87.4,75.9
117,showcase_noStem2,40.0,50.0,0.6,0.2,73.3,88.3,80.1
118,showcase_noStem2,40.0,50.0,0.6,0.3,71.9,89.3,79.7
119,showcase_noStem2,40.0,50.0,0.6,0.4,67.4,86.4,75.7
120,showcase_noStem2,40.0,50.0,0.7,0.1,68.2,91.3,78.1
121,showcase_noStem2,40.0,50.0,0.7,0.2,67.6,85.4,75.5
122,showcase_noStem2,40.0,50.0,0.7,0.3,68.3,89.3,77.4
123,showcase_noStem2,40.0,50.0,0.7,0.4,66.0,88.3,75.6
124,showcase_noStem2,40.0,50.0,0.8,0.1,64.4,85.4,73.4
125,showcase_noStem2,40.0,50.0,0.8,0.2,65.1,85.4,73.9
126,showcase_noStem2,40.0,50.0,0.8,0.3,68.3,92.2,78.5
127,showcase_noStem2,40.0,50.0,0.8,0.4,65.9,87.4,75.1
128,showcase_noStem2,45.0,50.0,0.5,0.1,74.3,91.3,81.9
129,showcase_noStem2,45.0,50.0,0.5,0.2,72.3,89.3,79.9
130,showcase_noStem2,45.0,50.0,0.5,0.3,66.0,88.3,75.6
131,showcase_noStem2,45.0,50.0,0.5,0.4,70.1,90.3,78.9
132,showcase_noStem2,45.0,50.0,0.6,0.1,67.1,87.4,75.9
133,showcase_noStem2,45.0,50.0,0.6,0.2,73.3,88.3,80.1
134,showcase_noStem2,45.0,50.0,0.6,0.3,71.9,89.3,79.7
135,showcase_noStem2,45.0,50.0,0.6,0.4,67.4,86.4,75.7
136,showcase_noStem2,45.0,50.0,0.7,0.1,68.2,91.3,78.1
137,showcase_noStem2,45.0,50.0,0.7,0.2,69.5,87.4,77.4
138,showcase_noStem2,45.0,50.0,0.7,0.3,71.7,90.3,80.0
139,showcase_noStem2,45.0,50.0,0.7,0.4,66.0,88.3,75.6
140,showcase_noStem2,45.0,50.0,0.8,0.1,63.8,85.4,73.0
141,showcase_noStem2,45.0,50.0,0.8,0.2,65.1,85.4,73.9
142,showcase_noStem2,45.0,50.0,0.8,0.3,68.3,92.2,78.5
143,showcase_noStem2,45.0,50.0,0.8,0.4,66.4,88.3,75.8
144,showcase_noStem2,50.0,50.0,0.5,0.1,74.3,91.3,81.9
145,showcase_noStem2,50.0,50.0,0.5,0.2,72.3,89.3,79.9
146,showcase_noStem2,50.0,50.0,0.5,0.3,66.0,88.3,75.6
147,showcase_noStem2,50.0,50.0,0.5,0.4,70.1,90.3,78.9
148,showcase_noStem2,50.0,50.0,0.6,0.1,67.1,87.4,75.9
149,showcase_noStem2,50.0,50.0,0.6,0.2,73.3,88.3,80.1
150,showcase_noStem2,50.0,50.0,0.6,0.3,71.9,89.3,79.7
151,showcase_noStem2,50.0,50.0,0.6,0.4,67.4,86.4,75.7
152,showcase_noStem2,50.0,50.0,0.7,0.1,68.2,91.3,78.1
153,showcase_noStem2,50.0,50.0,0.7,0.2,69.5,87.4,77.4
154,showcase_noStem2,50.0,50.0,0.7,0.3,71.7,90.3,80.0
155,showcase_noStem2,50.0,50.0,0.7,0.4,66.0,88.3,75.6
156,showcase_noStem2,50.0,50.0,0.8,0.1,63.8,85.4,73.0
157,showcase_noStem2,50.0,50.0,0.8,0.2,65.1,85.4,73.9
158,showcase_noStem2,50.0,50.0,0.8,0.3,68.3,92.2,78.5
159,showcase_noStem2,50.0,50.0,0.8,0.4,66.4,88.3,75.8
0,showcase_noStem2,5.0,5.0,0.8,0.2,54.0,79.0,64.0
1,showcase_noStem2,5.0,10.0,0.8,0.2,50.0,66.0,57.0
2,showcase_noStem2,5.0,15.0,0.8,0.2,55.0,82.0,66.0
3,showcase_noStem2,5.0,20.0,0.8,0.2,55.0,76.0,64.0
4,showcase_noStem2,5.0,25.0,0.8,0.2,47.0,66.0,55.0
5,showcase_noStem2,5.0,30.0,0.8,0.2,51.0,61.0,56.0
6,showcase_noStem2,5.0,35.0,0.8,0.2,53.0,71.0,60.0
7,showcase_noStem2,5.0,40.0,0.8,0.2,49.0,70.0,57.0
8,showcase_noStem2,5.0,45.0,0.8,0.2,39.0,56.0,46.0
9,showcase_noStem2,5.0,50.0,0.8,0.2,47.0,61.0,53.0
10,showcase_noStem2,5.0,55.0,0.8,0.2,55.0,70.0,62.0
11,showcase_noStem2,5.0,60.0,0.8,0.2,50.0,62.0,55.0
12,showcase_noStem2,5.0,65.0,0.8,0.2,44.0,52.0,48.0
13,showcase_noStem2,5.0,70.0,0.8,0.2,48.0,62.0,54.0
14,showcase_noStem2,5.0,75.0,0.8,0.2,45.0,57.0,50.0
15,showcase_noStem2,5.0,80.0,0.8,0.2,50.0,58.0,54.0
16,showcase_noStem2,5.0,85.0,0.8,0.2,44.0,61.0,51.0
17,showcase_noStem2,5.0,90.0,0.8,0.2,52.0,68.0,59.0
18,showcase_noStem2,5.0,95.0,0.8,0.2,40.0,53.0,46.0
19,showcase_noStem2,5.0,100.0,0.8,0.2,43.0,55.0,48.0
20,showcase_noStem2,5.0,105.0,0.8,0.2,45.0,59.0,51.0
21,showcase_noStem2,5.0,110.0,0.8,0.2,41.0,52.0,46.0
22,showcase_noStem2,5.0,115.0,0.8,0.2,53.0,64.0,58.0
23,showcase_noStem2,5.0,120.0,0.8,0.2,44.0,53.0,48.0
24,showcase_noStem2,5.0,125.0,0.8,0.2,42.0,52.0,46.0
25,showcase_noStem2,5.0,130.0,0.8,0.2,39.0,51.0,44.0
26,showcase_noStem2,5.0,135.0,0.8,0.2,46.0,56.0,50.0
27,showcase_noStem2,5.0,140.0,0.8,0.2,36.0,42.0,39.0
28,showcase_noStem2,5.0,145.0,0.8,0.2,51.0,66.0,57.0
29,showcase_noStem2,10.0,10.0,0.8,0.2,56.0,81.0,66.0
30,showcase_noStem2,10.0,15.0,0.8,0.2,62.0,88.0,73.0
31,showcase_noStem2,10.0,20.0,0.8,0.2,61.0,90.0,73.0
32,showcase_noStem2,10.0,25.0,0.8,0.2,58.0,83.0,68.0
33,showcase_noStem2,10.0,30.0,0.8,0.2,58.0,73.0,64.0
34,showcase_noStem2,10.0,35.0,0.8,0.2,52.0,83.0,64.0
35,showcase_noStem2,10.0,40.0,0.8,0.2,56.0,82.0,66.0
36,showcase_noStem2,10.0,45.0,0.8,0.2,54.0,78.0,64.0
37,showcase_noStem2,10.0,50.0,0.8,0.2,59.0,75.0,66.0
38,showcase_noStem2,10.0,55.0,0.8,0.2,59.0,78.0,67.0
39,showcase_noStem2,10.0,60.0,0.8,0.2,60.0,80.0,69.0
40,showcase_noStem2,10.0,65.0,0.8,0.2,54.0,67.0,60.0
41,showcase_noStem2,10.0,70.0,0.8,0.2,58.0,78.0,67.0
42,showcase_noStem2,10.0,75.0,0.8,0.2,58.0,70.0,63.0
43,showcase_noStem2,10.0,80.0,0.8,0.2,62.0,74.0,67.0
44,showcase_noStem2,10.0,85.0,0.8,0.2,56.0,70.0,62.0
45,showcase_noStem2,10.0,90.0,0.8,0.2,58.0,75.0,65.0
46,showcase_noStem2,10.0,95.0,0.8,0.2,59.0,78.0,67.0
47,showcase_noStem2,10.0,100.0,0.8,0.2,59.0,77.0,67.0
48,showcase_noStem2,10.0,105.0,0.8,0.2,58.0,74.0,65.0
49,showcase_noStem2,10.0,110.0,0.8,0.2,53.0,73.0,61.0
50,showcase_noStem2,10.0,115.0,0.8,0.2,60.0,79.0,68.0
51,showcase_noStem2,10.0,120.0,0.8,0.2,53.0,74.0,62.0
52,showcase_noStem2,10.0,125.0,0.8,0.2,58.0,71.0,64.0
53,showcase_noStem2,10.0,130.0,0.8,0.2,57.0,66.0,61.0
54,showcase_noStem2,10.0,135.0,0.8,0.2,62.0,83.0,71.0
55,showcase_noStem2,10.0,140.0,0.8,0.2,57.0,69.0,63.0
56,showcase_noStem2,10.0,145.0,0.8,0.2,61.0,78.0,68.0
57,showcase_noStem2,15.0,15.0,0.8,0.2,63.0,91.0,74.0
58,showcase_noStem2,15.0,20.0,0.8,0.2,61.0,88.0,72.0
59,showcase_noStem2,15.0,25.0,0.8,0.2,61.0,87.0,72.0
60,showcase_noStem2,15.0,30.0,0.8,0.2,59.0,82.0,68.0
61,showcase_noStem2,15.0,35.0,0.8,0.2,61.0,85.0,71.0
62,showcase_noStem2,15.0,40.0,0.8,0.2,57.0,83.0,67.0
63,showcase_noStem2,15.0,45.0,0.8,0.2,56.0,76.0,64.0
64,showcase_noStem2,15.0,50.0,0.8,0.2,66.0,83.0,74.0
65,showcase_noStem2,15.0,55.0,0.8,0.2,64.0,81.0,71.0
66,showcase_noStem2,15.0,60.0,0.8,0.2,62.0,83.0,71.0
67,showcase_noStem2,15.0,65.0,0.8,0.2,67.0,82.0,73.0
68,showcase_noStem2,15.0,70.0,0.8,0.2,58.0,78.0,66.0
69,showcase_noStem2,15.0,75.0,0.8,0.2,63.0,76.0,69.0
70,showcase_noStem2,15.0,80.0,0.8,0.2,65.0,80.0,72.0
71,showcase_noStem2,15.0,85.0,0.8,0.2,56.0,72.0,63.0
72,showcase_noStem2,15.0,90.0,0.8,0.2,61.0,81.0,69.0
73,showcase_noStem2,15.0,95.0,0.8,0.2,61.0,81.0,70.0
74,showcase_noStem2,15.0,100.0,0.8,0.2,62.0,81.0,70.0
75,showcase_noStem2,15.0,105.0,0.8,0.2,62.0,79.0,69.0
76,showcase_noStem2,15.0,110.0,0.8,0.2,56.0,79.0,66.0
77,showcase_noStem2,15.0,115.0,0.8,0.2,67.0,84.0,74.0
78,showcase_noStem2,15.0,120.0,0.8,0.2,60.0,81.0,69.0
79,showcase_noStem2,15.0,125.0,0.8,0.2,64.0,80.0,71.0
80,showcase_noStem2,15.0,130.0,0.8,0.2,63.0,76.0,69.0
81,showcase_noStem2,15.0,135.0,0.8,0.2,63.0,84.0,72.0
82,showcase_noStem2,15.0,140.0,0.8,0.2,62.0,77.0,69.0
83,showcase_noStem2,15.0,145.0,0.8,0.2,62.0,82.0,70.0
84,showcase_noStem2,20.0,20.0,0.8,0.2,61.0,88.0,72.0
85,showcase_noStem2,20.0,25.0,0.8,0.2,64.0,89.0,74.0
86,showcase_noStem2,20.0,30.0,0.8,0.2,65.0,91.0,76.0
87,showcase_noStem2,20.0,35.0,0.8,0.2,59.0,86.0,70.0
88,showcase_noStem2,20.0,40.0,0.8,0.2,57.0,83.0,68.0
89,showcase_noStem2,20.0,45.0,0.8,0.2,61.0,80.0,69.0
90,showcase_noStem2,20.0,50.0,0.8,0.2,64.0,81.0,71.0
91,showcase_noStem2,20.0,55.0,0.8,0.2,61.0,80.0,69.0
92,showcase_noStem2,20.0,60.0,0.8,0.2,60.0,81.0,69.0
93,showcase_noStem2,20.0,65.0,0.8,0.2,67.0,82.0,73.0
94,showcase_noStem2,20.0,70.0,0.8,0.2,58.0,78.0,66.0
95,showcase_noStem2,20.0,75.0,0.8,0.2,65.0,80.0,71.0
96,showcase_noStem2,20.0,80.0,0.8,0.2,67.0,83.0,74.0
97,showcase_noStem2,20.0,85.0,0.8,0.2,58.0,74.0,65.0
98,showcase_noStem2,20.0,90.0,0.8,0.2,61.0,80.0,69.0
99,showcase_noStem2,20.0,95.0,0.8,0.2,63.0,84.0,72.0
100,showcase_noStem2,20.0,100.0,0.8,0.2,66.0,83.0,73.0
101,showcase_noStem2,20.0,105.0,0.8,0.2,63.0,78.0,70.0
102,showcase_noStem2,20.0,110.0,0.8,0.2,58.0,78.0,66.0
103,showcase_noStem2,20.0,115.0,0.8,0.2,67.0,83.0,74.0
104,showcase_noStem2,20.0,120.0,0.8,0.2,61.0,80.0,69.0
105,showcase_noStem2,20.0,125.0,0.8,0.2,68.0,83.0,74.0
106,showcase_noStem2,20.0,130.0,0.8,0.2,66.0,80.0,72.0
107,showcase_noStem2,20.0,135.0,0.8,0.2,69.0,88.0,77.0
108,showcase_noStem2,20.0,140.0,0.8,0.2,68.0,85.0,76.0
109,showcase_noStem2,20.0,145.0,0.8,0.2,63.0,84.0,72.0
110,showcase_noStem2,25.0,25.0,0.8,0.2,66.0,93.0,77.0
111,showcase_noStem2,25.0,30.0,0.8,0.2,65.0,91.0,76.0
112,showcase_noStem2,25.0,35.0,0.8,0.2,60.0,88.0,72.0
113,showcase_noStem2,25.0,40.0,0.8,0.2,62.0,90.0,73.0
114,showcase_noStem2,25.0,45.0,0.8,0.2,61.0,80.0,69.0
115,showcase_noStem2,25.0,50.0,0.8,0.2,63.0,82.0,71.0
116,showcase_noStem2,25.0,55.0,0.8,0.2,62.0,79.0,69.0
117,showcase_noStem2,25.0,60.0,0.8,0.2,61.0,79.0,69.0
118,showcase_noStem2,25.0,65.0,0.8,0.2,64.0,82.0,72.0
119,showcase_noStem2,25.0,70.0,0.8,0.2,59.0,82.0,69.0
120,showcase_noStem2,25.0,75.0,0.8,0.2,64.0,83.0,72.0
121,showcase_noStem2,25.0,80.0,0.8,0.2,67.0,84.0,75.0
122,showcase_noStem2,25.0,85.0,0.8,0.2,60.0,76.0,67.0
123,showcase_noStem2,25.0,90.0,0.8,0.2,61.0,81.0,69.0
124,showcase_noStem2,25.0,95.0,0.8,0.2,62.0,83.0,71.0
125,showcase_noStem2,25.0,100.0,0.8,0.2,66.0,83.0,74.0
126,showcase_noStem2,25.0,105.0,0.8,0.2,66.0,82.0,73.0
127,showcase_noStem2,25.0,110.0,0.8,0.2,60.0,83.0,69.0
128,showcase_noStem2,25.0,115.0,0.8,0.2,67.0,83.0,74.0
129,showcase_noStem2,25.0,120.0,0.8,0.2,63.0,82.0,71.0
130,showcase_noStem2,25.0,125.0,0.8,0.2,66.0,82.0,73.0
131,showcase_noStem2,25.0,130.0,0.8,0.2,69.0,83.0,75.0
132,showcase_noStem2,25.0,135.0,0.8,0.2,70.0,89.0,78.0
133,showcase_noStem2,25.0,140.0,0.8,0.2,67.0,83.0,75.0
134,showcase_noStem2,25.0,145.0,0.8,0.2,64.0,83.0,72.0
135,showcase_noStem2,30.0,30.0,0.8,0.2,65.0,92.0,77.0
136,showcase_noStem2,30.0,35.0,0.8,0.2,63.0,92.0,75.0
137,showcase_noStem2,30.0,40.0,0.8,0.2,63.0,91.0,75.0
138,showcase_noStem2,30.0,45.0,0.8,0.2,64.0,88.0,74.0
139,showcase_noStem2,30.0,50.0,0.8,0.2,63.0,83.0,72.0
140,showcase_noStem2,30.0,55.0,0.8,0.2,62.0,80.0,70.0
141,showcase_noStem2,30.0,60.0,0.8,0.2,62.0,80.0,70.0
142,showcase_noStem2,30.0,65.0,0.8,0.2,65.0,83.0,73.0
143,showcase_noStem2,30.0,70.0,0.8,0.2,56.0,78.0,65.0
144,showcase_noStem2,30.0,75.0,0.8,0.2,67.0,83.0,74.0
145,showcase_noStem2,30.0,80.0,0.8,0.2,63.0,81.0,71.0
146,showcase_noStem2,30.0,85.0,0.8,0.2,59.0,76.0,66.0
147,showcase_noStem2,30.0,90.0,0.8,0.2,61.0,81.0,69.0
148,showcase_noStem2,30.0,95.0,0.8,0.2,64.0,84.0,73.0
149,showcase_noStem2,30.0,100.0,0.8,0.2,66.0,84.0,74.0
150,showcase_noStem2,30.0,105.0,0.8,0.2,67.0,83.0,74.0
151,showcase_noStem2,30.0,110.0,0.8,0.2,58.0,81.0,68.0
152,showcase_noStem2,30.0,115.0,0.8,0.2,66.0,82.0,73.0
153,showcase_noStem2,30.0,120.0,0.8,0.2,61.0,80.0,69.0
154,showcase_noStem2,30.0,125.0,0.8,0.2,65.0,82.0,72.0
155,showcase_noStem2,30.0,130.0,0.8,0.2,68.0,83.0,74.0
156,showcase_noStem2,30.0,135.0,0.8,0.2,70.0,89.0,79.0
157,showcase_noStem2,30.0,140.0,0.8,0.2,68.0,84.0,75.0
158,showcase_noStem2,30.0,145.0,0.8,0.2,66.0,86.0,75.0
159,showcase_noStem2,35.0,35.0,0.8,0.2,62.0,91.0,74.0
160,showcase_noStem2,35.0,40.0,0.8,0.2,67.0,95.0,79.0
161,showcase_noStem2,35.0,45.0,0.8,0.2,68.0,90.0,78.0
162,showcase_noStem2,35.0,50.0,0.8,0.2,63.0,83.0,72.0
163,showcase_noStem2,35.0,55.0,0.8,0.2,65.0,83.0,73.0
164,showcase_noStem2,35.0,60.0,0.8,0.2,63.0,82.0,71.0
165,showcase_noStem2,35.0,65.0,0.8,0.2,67.0,83.0,74.0
166,showcase_noStem2,35.0,70.0,0.8,0.2,61.0,82.0,70.0
167,showcase_noStem2,35.0,75.0,0.8,0.2,65.0,82.0,72.0
168,showcase_noStem2,35.0,80.0,0.8,0.2,66.0,85.0,75.0
169,showcase_noStem2,35.0,85.0,0.8,0.2,59.0,76.0,66.0
170,showcase_noStem2,35.0,90.0,0.8,0.2,63.0,83.0,72.0
171,showcase_noStem2,35.0,95.0,0.8,0.2,63.0,83.0,72.0
172,showcase_noStem2,35.0,100.0,0.8,0.2,66.0,84.0,74.0
173,showcase_noStem2,35.0,105.0,0.8,0.2,65.0,81.0,72.0
174,showcase_noStem2,35.0,110.0,0.8,0.2,60.0,82.0,69.0
175,showcase_noStem2,35.0,115.0,0.8,0.2,65.0,83.0,73.0
176,showcase_noStem2,35.0,120.0,0.8,0.2,66.0,82.0,73.0
177,showcase_noStem2,35.0,125.0,0.8,0.2,66.0,82.0,73.0
178,showcase_noStem2,35.0,130.0,0.8,0.2,67.0,83.0,74.0
179,showcase_noStem2,35.0,135.0,0.8,0.2,70.0,89.0,78.0
180,showcase_noStem2,35.0,140.0,0.8,0.2,69.0,85.0,76.0
181,showcase_noStem2,35.0,145.0,0.8,0.2,65.0,84.0,73.0
182,showcase_noStem2,40.0,40.0,0.8,0.2,67.0,95.0,79.0
183,showcase_noStem2,40.0,45.0,0.8,0.2,70.0,92.0,80.0
184,showcase_noStem2,40.0,50.0,0.8,0.2,65.0,85.0,74.0
185,showcase_noStem2,40.0,55.0,0.8,0.2,66.0,86.0,75.0
186,showcase_noStem2,40.0,60.0,0.8,0.2,66.0,83.0,74.0
187,showcase_noStem2,40.0,65.0,0.8,0.2,69.0,85.0,76.0
188,showcase_noStem2,40.0,70.0,0.8,0.2,64.0,84.0,73.0
189,showcase_noStem2,40.0,75.0,0.8,0.2,66.0,83.0,74.0
190,showcase_noStem2,40.0,80.0,0.8,0.2,68.0,87.0,77.0
191,showcase_noStem2,40.0,85.0,0.8,0.2,63.0,83.0,72.0
192,showcase_noStem2,40.0,90.0,0.8,0.2,62.0,83.0,71.0
193,showcase_noStem2,40.0,95.0,0.8,0.2,59.0,81.0,68.0
194,showcase_noStem2,40.0,100.0,0.8,0.2,66.0,84.0,74.0
195,showcase_noStem2,40.0,105.0,0.8,0.2,67.0,83.0,74.0
196,showcase_noStem2,40.0,110.0,0.8,0.2,61.0,83.0,70.0
197,showcase_noStem2,40.0,115.0,0.8,0.2,66.0,83.0,73.0
198,showcase_noStem2,40.0,120.0,0.8,0.2,66.0,82.0,73.0
199,showcase_noStem2,40.0,125.0,0.8,0.2,64.0,81.0,71.0
200,showcase_noStem2,40.0,130.0,0.8,0.2,67.0,83.0,74.0
201,showcase_noStem2,40.0,135.0,0.8,0.2,68.0,87.0,76.0
202,showcase_noStem2,40.0,140.0,0.8,0.2,68.0,87.0,76.0
203,showcase_noStem2,40.0,145.0,0.8,0.2,67.0,85.0,75.0
204,showcase_noStem2,45.0,45.0,0.8,0.2,70.0,92.0,80.0
205,showcase_noStem2,45.0,50.0,0.8,0.2,65.0,85.0,74.0
206,showcase_noStem2,45.0,55.0,0.8,0.2,66.0,86.0,75.0
207,showcase_noStem2,45.0,60.0,0.8,0.2,67.0,85.0,75.0
208,showcase_noStem2,45.0,65.0,0.8,0.2,72.0,88.0,79.0
209,showcase_noStem2,45.0,70.0,0.8,0.2,65.0,85.0,74.0
210,showcase_noStem2,45.0,75.0,0.8,0.2,66.0,83.0,74.0
211,showcase_noStem2,45.0,80.0,0.8,0.2,69.0,88.0,77.0
212,showcase_noStem2,45.0,85.0,0.8,0.2,63.0,83.0,72.0
213,showcase_noStem2,45.0,90.0,0.8,0.2,62.0,83.0,71.0
214,showcase_noStem2,45.0,95.0,0.8,0.2,62.0,83.0,71.0
215,showcase_noStem2,45.0,100.0,0.8,0.2,67.0,85.0,75.0
216,showcase_noStem2,45.0,105.0,0.8,0.2,68.0,83.0,75.0
217,showcase_noStem2,45.0,110.0,0.8,0.2,61.0,83.0,70.0
218,showcase_noStem2,45.0,115.0,0.8,0.2,68.0,84.0,75.0
219,showcase_noStem2,45.0,120.0,0.8,0.2,67.0,83.0,74.0
220,showcase_noStem2,45.0,125.0,0.8,0.2,66.0,83.0,73.0
221,showcase_noStem2,45.0,130.0,0.8,0.2,70.0,85.0,77.0
222,showcase_noStem2,45.0,135.0,0.8,0.2,69.0,88.0,77.0
223,showcase_noStem2,45.0,140.0,0.8,0.2,67.0,86.0,76.0
224,showcase_noStem2,45.0,145.0,0.8,0.2,67.0,86.0,76.0
225,showcase_noStem2,50.0,50.0,0.8,0.2,65.0,85.0,74.0
226,showcase_noStem2,50.0,55.0,0.8,0.2,66.0,86.0,75.0
227,showcase_noStem2,50.0,60.0,0.8,0.2,69.0,89.0,78.0
228,showcase_noStem2,50.0,65.0,0.8,0.2,72.0,88.0,79.0
229,showcase_noStem2,50.0,70.0,0.8,0.2,68.0,88.0,77.0
230,showcase_noStem2,50.0,75.0,0.8,0.2,67.0,85.0,75.0
231,showcase_noStem2,50.0,80.0,0.8,0.2,70.0,89.0,78.0
232,showcase_noStem2,50.0,85.0,0.8,0.2,64.0,84.0,73.0
233,showcase_noStem2,50.0,90.0,0.8,0.2,64.0,85.0,73.0
234,showcase_noStem2,50.0,95.0,0.8,0.2,66.0,85.0,74.0
235,showcase_noStem2,50.0,100.0,0.8,0.2,68.0,86.0,76.0
236,showcase_noStem2,50.0,105.0,0.8,0.2,69.0,83.0,75.0
237,showcase_noStem2,50.0,110.0,0.8,0.2,62.0,83.0,71.0
238,showcase_noStem2,50.0,115.0,0.8,0.2,68.0,85.0,76.0
239,showcase_noStem2,50.0,120.0,0.8,0.2,70.0,86.0,77.0
240,showcase_noStem2,50.0,125.0,0.8,0.2,70.0,85.0,77.0
241,showcase_noStem2,50.0,130.0,0.8,0.2,72.0,87.0,79.0
242,showcase_noStem2,50.0,135.0,0.8,0.2,70.0,89.0,79.0
243,showcase_noStem2,50.0,140.0,0.8,0.2,68.0,87.0,77.0
244,showcase_noStem2,50.0,145.0,0.8,0.2,68.0,87.0,77.0
245,showcase_noStem2,55.0,55.0,0.8,0.2,66.0,86.0,75.0
246,showcase_noStem2,55.0,60.0,0.8,0.2,69.0,89.0,78.0
247,showcase_noStem2,55.0,65.0,0.8,0.2,72.0,88.0,79.0
248,showcase_noStem2,55.0,70.0,0.8,0.2,68.0,88.0,77.0
249,showcase_noStem2,55.0,75.0,0.8,0.2,69.0,87.0,77.0
250,showcase_noStem2,55.0,80.0,0.8,0.2,70.0,89.0,78.0
251,showcase_noStem2,55.0,85.0,0.8,0.2,64.0,84.0,73.0
252,showcase_noStem2,55.0,90.0,0.8,0.2,66.0,86.0,75.0
253,showcase_noStem2,55.0,95.0,0.8,0.2,66.0,85.0,74.0
254,showcase_noStem2,55.0,100.0,0.8,0.2,69.0,87.0,77.0
255,showcase_noStem2,55.0,105.0,0.8,0.2,73.0,89.0,80.0
256,showcase_noStem2,55.0,110.0,0.8,0.2,65.0,86.0,74.0
257,showcase_noStem2,55.0,115.0,0.8,0.2,68.0,85.0,76.0
258,showcase_noStem2,55.0,120.0,0.8,0.2,71.0,87.0,78.0
259,showcase_noStem2,55.0,125.0,0.8,0.2,73.0,87.0,79.0
260,showcase_noStem2,55.0,130.0,0.8,0.2,74.0,89.0,81.0
261,showcase_noStem2,55.0,135.0,0.8,0.2,70.0,89.0,79.0
262,showcase_noStem2,55.0,140.0,0.8,0.2,71.0,90.0,80.0
263,showcase_noStem2,55.0,145.0,0.8,0.2,68.0,87.0,77.0
264,showcase_noStem2,60.0,60.0,0.8,0.2,69.0,89.0,78.0
265,showcase_noStem2,60.0,65.0,0.8,0.2,72.0,88.0,79.0
266,showcase_noStem2,60.0,70.0,0.8,0.2,68.0,88.0,77.0
267,showcase_noStem2,60.0,75.0,0.8,0.2,69.0,87.0,77.0
268,showcase_noStem2,60.0,80.0,0.8,0.2,70.0,89.0,78.0
269,showcase_noStem2,60.0,85.0,0.8,0.2,64.0,84.0,73.0
270,showcase_noStem2,60.0,90.0,0.8,0.2,66.0,86.0,75.0
271,showcase_noStem2,60.0,95.0,0.8,0.2,66.0,85.0,74.0
272,showcase_noStem2,60.0,100.0,0.8,0.2,69.0,87.0,77.0
273,showcase_noStem2,60.0,105.0,0.8,0.2,75.0,91.0,82.0
274,showcase_noStem2,60.0,110.0,0.8,0.2,67.0,88.0,76.0
275,showcase_noStem2,60.0,115.0,0.8,0.2,68.0,85.0,76.0
276,showcase_noStem2,60.0,120.0,0.8,0.2,71.0,87.0,78.0
277,showcase_noStem2,60.0,125.0,0.8,0.2,73.0,87.0,79.0
278,showcase_noStem2,60.0,130.0,0.8,0.2,75.0,91.0,83.0
279,showcase_noStem2,60.0,135.0,0.8,0.2,72.0,91.0,81.0
280,showcase_noStem2,60.0,140.0,0.8,0.2,72.0,91.0,81.0
281,showcase_noStem2,60.0,145.0,0.8,0.2,69.0,88.0,78.0
282,showcase_noStem2,65.0,65.0,0.8,0.2,72.0,88.0,79.0
283,showcase_noStem2,65.0,70.0,0.8,0.2,68.0,88.0,77.0
284,showcase_noStem2,65.0,75.0,0.8,0.2,69.0,87.0,77.0
285,showcase_noStem2,65.0,80.0,0.8,0.2,70.0,89.0,78.0
286,showcase_noStem2,65.0,85.0,0.8,0.2,64.0,84.0,73.0
287,showcase_noStem2,65.0,90.0,0.8,0.2,66.0,86.0,75.0
288,showcase_noStem2,65.0,95.0,0.8,0.2,66.0,85.0,74.0
289,showcase_noStem2,65.0,100.0,0.8,0.2,69.0,87.0,77.0
290,showcase_noStem2,65.0,105.0,0.8,0.2,75.0,91.0,82.0
291,showcase_noStem2,65.0,110.0,0.8,0.2,67.0,88.0,76.0
292,showcase_noStem2,65.0,115.0,0.8,0.2,68.0,85.0,76.0
293,showcase_noStem2,65.0,120.0,0.8,0.2,71.0,87.0,78.0
294,showcase_noStem2,65.0,125.0,0.8,0.2,73.0,87.0,79.0
295,showcase_noStem2,65.0,130.0,0.8,0.2,75.0,91.0,83.0
296,showcase_noStem2,65.0,135.0,0.8,0.2,72.0,91.0,81.0
297,showcase_noStem2,65.0,140.0,0.8,0.2,72.0,91.0,81.0
298,showcase_noStem2,65.0,145.0,0.8,0.2,69.0,88.0,78.0
299,showcase_noStem2,70.0,70.0,0.8,0.2,68.0,88.0,77.0
300,showcase_noStem2,70.0,75.0,0.8,0.2,69.0,87.0,77.0
301,showcase_noStem2,70.0,80.0,0.8,0.2,70.0,89.0,78.0
302,showcase_noStem2,70.0,85.0,0.8,0.2,64.0,84.0,73.0
303,showcase_noStem2,70.0,90.0,0.8,0.2,66.0,86.0,75.0
304,showcase_noStem2,70.0,95.0,0.8,0.2,66.0,85.0,74.0
305,showcase_noStem2,70.0,100.0,0.8,0.2,69.0,87.0,77.0
306,showcase_noStem2,70.0,105.0,0.8,0.2,75.0,91.0,82.0
307,showcase_noStem2,70.0,110.0,0.8,0.2,67.0,88.0,76.0
308,showcase_noStem2,70.0,115.0,0.8,0.2,68.0,85.0,76.0
309,showcase_noStem2,70.0,120.0,0.8,0.2,71.0,87.0,78.0
310,showcase_noStem2,70.0,125.0,0.8,0.2,73.0,87.0,79.0
311,showcase_noStem2,70.0,130.0,0.8,0.2,75.0,91.0,83.0
312,showcase_noStem2,70.0,135.0,0.8,0.2,72.0,91.0,81.0
313,showcase_noStem2,70.0,140.0,0.8,0.2,72.0,91.0,81.0
314,showcase_noStem2,70.0,145.0,0.8,0.2,69.0,88.0,78.0
315,showcase_noStem2,75.0,75.0,0.8,0.2,69.0,87.0,77.0
316,showcase_noStem2,75.0,80.0,0.8,0.2,70.0,89.0,78.0
317,showcase_noStem2,75.0,85.0,0.8,0.2,64.0,84.0,73.0
318,showcase_noStem2,75.0,90.0,0.8,0.2,66.0,86.0,75.0
319,showcase_noStem2,75.0,95.0,0.8,0.2,66.0,85.0,74.0
320,showcase_noStem2,75.0,100.0,0.8,0.2,69.0,87.0,77.0
321,showcase_noStem2,75.0,105.0,0.8,0.2,75.0,91.0,82.0
322,showcase_noStem2,75.0,110.0,0.8,0.2,67.0,88.0,76.0
323,showcase_noStem2,75.0,115.0,0.8,0.2,68.0,85.0,76.0
324,showcase_noStem2,75.0,120.0,0.8,0.2,71.0,87.0,78.0
325,showcase_noStem2,75.0,125.0,0.8,0.2,73.0,87.0,79.0
326,showcase_noStem2,75.0,130.0,0.8,0.2,75.0,91.0,83.0
327,showcase_noStem2,75.0,135.0,0.8,0.2,72.0,91.0,81.0
328,showcase_noStem2,75.0,140.0,0.8,0.2,72.0,91.0,81.0
329,showcase_noStem2,75.0,145.0,0.8,0.2,69.0,88.0,78.0
330,showcase_noStem2,80.0,80.0,0.8,0.2,70.0,89.0,78.0
331,showcase_noStem2,80.0,85.0,0.8,0.2,64.0,84.0,73.0
332,showcase_noStem2,80.0,90.0,0.8,0.2,66.0,86.0,75.0
333,showcase_noStem2,80.0,95.0,0.8,0.2,66.0,85.0,74.0
334,showcase_noStem2,80.0,100.0,0.8,0.2,69.0,87.0,77.0
335,showcase_noStem2,80.0,105.0,0.8,0.2,75.0,91.0,82.0
336,showcase_noStem2,80.0,110.0,0.8,0.2,67.0,88.0,76.0
337,showcase_noStem2,80.0,115.0,0.8,0.2,68.0,85.0,76.0
338,showcase_noStem2,80.0,120.0,0.8,0.2,71.0,87.0,78.0
339,showcase_noStem2,80.0,125.0,0.8,0.2,73.0,87.0,79.0
340,showcase_noStem2,80.0,130.0,0.8,0.2,75.0,91.0,83.0
341,showcase_noStem2,80.0,135.0,0.8,0.2,72.0,91.0,81.0
342,showcase_noStem2,80.0,140.0,0.8,0.2,72.0,91.0,81.0
343,showcase_noStem2,80.0,145.0,0.8,0.2,69.0,88.0,78.0
344,showcase_noStem2,85.0,85.0,0.8,0.2,64.0,84.0,73.0
345,showcase_noStem2,85.0,90.0,0.8,0.2,66.0,86.0,75.0
346,showcase_noStem2,85.0,95.0,0.8,0.2,66.0,85.0,74.0
347,showcase_noStem2,85.0,100.0,0.8,0.2,69.0,87.0,77.0
348,showcase_noStem2,85.0,105.0,0.8,0.2,75.0,91.0,82.0
349,showcase_noStem2,85.0,110.0,0.8,0.2,67.0,88.0,76.0
350,showcase_noStem2,85.0,115.0,0.8,0.2,68.0,85.0,76.0
351,showcase_noStem2,85.0,120.0,0.8,0.2,71.0,87.0,78.0
352,showcase_noStem2,85.0,125.0,0.8,0.2,73.0,87.0,79.0
353,showcase_noStem2,85.0,130.0,0.8,0.2,75.0,91.0,83.0
354,showcase_noStem2,85.0,135.0,0.8,0.2,72.0,91.0,81.0
355,showcase_noStem2,85.0,140.0,0.8,0.2,72.0,91.0,81.0
356,showcase_noStem2,85.0,145.0,0.8,0.2,69.0,88.0,78.0
357,showcase_noStem2,90.0,90.0,0.8,0.2,66.0,86.0,75.0
358,showcase_noStem2,90.0,95.0,0.8,0.2,66.0,85.0,74.0
359,showcase_noStem2,90.0,100.0,0.8,0.2,69.0,87.0,77.0
360,showcase_noStem2,90.0,105.0,0.8,0.2,75.0,91.0,82.0
361,showcase_noStem2,90.0,110.0,0.8,0.2,67.0,88.0,76.0
362,showcase_noStem2,90.0,115.0,0.8,0.2,68.0,85.0,76.0
363,showcase_noStem2,90.0,120.0,0.8,0.2,71.0,87.0,78.0
364,showcase_noStem2,90.0,125.0,0.8,0.2,73.0,87.0,79.0
365,showcase_noStem2,90.0,130.0,0.8,0.2,75.0,91.0,83.0
366,showcase_noStem2,90.0,135.0,0.8,0.2,72.0,91.0,81.0
367,showcase_noStem2,90.0,140.0,0.8,0.2,72.0,91.0,81.0
368,showcase_noStem2,90.0,145.0,0.8,0.2,69.0,88.0,78.0
369,showcase_noStem2,95.0,95.0,0.8,0.2,66.0,85.0,74.0
370,showcase_noStem2,95.0,100.0,0.8,0.2,69.0,87.0,77.0
371,showcase_noStem2,95.0,105.0,0.8,0.2,75.0,91.0,82.0
372,showcase_noStem2,95.0,110.0,0.8,0.2,67.0,88.0,76.0
373,showcase_noStem2,95.0,115.0,0.8,0.2,68.0,85.0,76.0
374,showcase_noStem2,95.0,120.0,0.8,0.2,71.0,87.0,78.0
375,showcase_noStem2,95.0,125.0,0.8,0.2,73.0,87.0,79.0
376,showcase_noStem2,95.0,130.0,0.8,0.2,75.0,91.0,83.0
377,showcase_noStem2,95.0,135.0,0.8,0.2,72.0,91.0,81.0
378,showcase_noStem2,95.0,140.0,0.8,0.2,72.0,91.0,81.0
379,showcase_noStem2,95.0,145.0,0.8,0.2,69.0,88.0,78.0
380,showcase_noStem2,100.0,100.0,0.8,0.2,69.0,87.0,77.0
381,showcase_noStem2,100.0,105.0,0.8,0.2,75.0,91.0,82.0
382,showcase_noStem2,100.0,110.0,0.8,0.2,67.0,88.0,76.0
383,showcase_noStem2,100.0,115.0,0.8,0.2,68.0,85.0,76.0
384,showcase_noStem2,100.0,120.0,0.8,0.2,71.0,87.0,78.0
385,showcase_noStem2,100.0,125.0,0.8,0.2,73.0,87.0,79.0
386,showcase_noStem2,100.0,130.0,0.8,0.2,75.0,91.0,83.0
387,showcase_noStem2,100.0,135.0,0.8,0.2,72.0,91.0,81.0
388,showcase_noStem2,100.0,140.0,0.8,0.2,72.0,91.0,81.0
389,showcase_noStem2,100.0,145.0,0.8,0.2,69.0,88.0,78.0
390,showcase_noStem2,105.0,105.0,0.8,0.2,75.0,91.0,82.0
391,showcase_noStem2,105.0,110.0,0.8,0.2,67.0,88.0,76.0
392,showcase_noStem2,105.0,115.0,0.8,0.2,68.0,85.0,76.0
393,showcase_noStem2,105.0,120.0,0.8,0.2,71.0,87.0,78.0
394,showcase_noStem2,105.0,125.0,0.8,0.2,73.0,87.0,79.0
395,showcase_noStem2,105.0,130.0,0.8,0.2,75.0,91.0,83.0
396,showcase_noStem2,105.0,135.0,0.8,0.2,72.0,91.0,81.0
397,showcase_noStem2,105.0,140.0,0.8,0.2,72.0,91.0,81.0
398,showcase_noStem2,105.0,145.0,0.8,0.2,69.0,88.0,78.0
399,showcase_noStem2,110.0,110.0,0.8,0.2,67.0,88.0,76.0
400,showcase_noStem2,110.0,115.0,0.8,0.2,68.0,85.0,76.0
401,showcase_noStem2,110.0,120.0,0.8,0.2,71.0,87.0,78.0
402,showcase_noStem2,110.0,125.0,0.8,0.2,73.0,87.0,79.0
403,showcase_noStem2,110.0,130.0,0.8,0.2,75.0,91.0,83.0
404,showcase_noStem2,110.0,135.0,0.8,0.2,72.0,91.0,81.0
405,showcase_noStem2,110.0,140.0,0.8,0.2,72.0,91.0,81.0
406,showcase_noStem2,110.0,145.0,0.8,0.2,69.0,88.0,78.0
407,showcase_noStem2,115.0,115.0,0.8,0.2,68.0,85.0,76.0
408,showcase_noStem2,115.0,120.0,0.8,0.2,71.0,87.0,78.0
409,showcase_noStem2,115.0,125.0,0.8,0.2,73.0,87.0,79.0
410,showcase_noStem2,115.0,130.0,0.8,0.2,75.0,91.0,83.0
411,showcase_noStem2,115.0,135.0,0.8,0.2,72.0,91.0,81.0
412,showcase_noStem2,115.0,140.0,0.8,0.2,72.0,91.0,81.0
413,showcase_noStem2,115.0,145.0,0.8,0.2,69.0,88.0,78.0
0,showcase_noStem2,6.0,25.0,0.8,0.2,57.5,78.6,66.4
1,showcase_noStem2,10.0,25.0,0.8,0.2,60.0,89.3,71.8
2,showcase_noStem2,20.0,25.0,0.8,0.2,64.5,92.2,75.9
0,showcase_noStem2,6,100,0.8,0.2,52.5,68.9,59.6
1,showcase_noStem2,10,100,0.8,0.2,54.9,75.7,63.6
2,showcase_noStem2,20,100,0.8,0.2,55.2,72.8,62.8
3,showcase_noStem2,30,100,0.8,0.2,63.5,81.6,71.4
4,showcase_noStem2,40,100,0.8,0.2,65.7,84.5,73.9
5,showcase_noStem2,50,100,0.8,0.2,68.8,88.3,77.3
6,showcase_noStem2,60,100,0.8,0.2,69.7,89.3,78.3
7,showcase_noStem2,70,100,0.8,0.2,69.7,89.3,78.3
0,showcase_noStem2,6.0,25.0,0.6,0.3,45.2,66.0,53.7
1,showcase_noStem2,6.0,75.0,0.6,0.3,56.5,72.8,63.6
2,showcase_noStem2,6.0,100.0,0.6,0.3,40.3,48.5,44.0
3,showcase_noStem2,6.0,125.0,0.6,0.3,50.6,65.0,56.9
4,showcase_noStem2,10.0,25.0,0.6,0.3,52.5,74.8,61.7
5,showcase_noStem2,10.0,75.0,0.6,0.3,62.9,77.7,69.5
6,showcase_noStem2,10.0,100.0,0.6,0.3,53.7,64.1,58.4
7,showcase_noStem2,10.0,125.0,0.6,0.3,64.2,75.7,69.5
8,showcase_noStem2,20.0,25.0,0.6,0.3,66.4,91.3,76.8
9,showcase_noStem2,20.0,75.0,0.6,0.3,67.5,83.5,74.6
10,showcase_noStem2,20.0,100.0,0.6,0.3,60.9,73.8,66.7
11,showcase_noStem2,20.0,125.0,0.6,0.3,70.3,82.5,75.9
12,showcase_noStem2,30.0,75.0,0.6,0.3,69.9,85.4,76.9
13,showcase_noStem2,30.0,100.0,0.6,0.3,63.6,76.7,69.5
14,showcase_noStem2,30.0,125.0,0.6,0.3,69.6,81.6,75.1
15,showcase_noStem2,40.0,75.0,0.6,0.3,73.1,87.4,79.6
16,showcase_noStem2,40.0,100.0,0.6,0.3,65.4,77.7,71.0
17,showcase_noStem2,40.0,125.0,0.6,0.3,72.5,84.5,78.1
18,showcase_noStem2,50.0,75.0,0.6,0.3,75.9,92.2,83.3
19,showcase_noStem2,50.0,100.0,0.6,0.3,68.8,83.5,75.4
20,showcase_noStem2,50.0,125.0,0.6,0.3,73.8,85.4,79.2
21,showcase_noStem2,60.0,75.0,0.6,0.3,75.9,92.2,83.3
22,showcase_noStem2,60.0,100.0,0.6,0.3,71.8,86.4,78.4
23,showcase_noStem2,60.0,125.0,0.6,0.3,78.0,88.3,82.8
24,showcase_noStem2,70.0,75.0,0.6,0.3,75.9,92.2,83.3
25,showcase_noStem2,70.0,100.0,0.6,0.3,71.8,86.4,78.4
26,showcase_noStem2,70.0,125.0,0.6,0.3,78.9,89.3,83.8
27,showcase_noStem2,6.0,50.0,0.6,0.4,57.4,76.7,65.6
28,showcase_noStem2,6.0,50.0,0.7,0.4,53.6,70.9,61.1
29,showcase_noStem2,6.0,50.0,0.8,0.4,41.3,56.3,47.7
30,showcase_noStem2,10.0,50.0,0.6,0.4,62.1,80.6,70.1
31,showcase_noStem2,10.0,50.0,0.7,0.4,55.4,74.8,63.6
32,showcase_noStem2,10.0,50.0,0.8,0.4,49.5,63.1,55.5
33,showcase_noStem2,20.0,50.0,0.6,0.4,66.7,84.5,74.6
34,showcase_noStem2,20.0,50.0,0.7,0.4,60.7,80.6,69.3
35,showcase_noStem2,20.0,50.0,0.8,0.4,54.4,76.7,63.7
36,showcase_noStem2,30.0,50.0,0.6,0.4,70.5,86.4,77.6
37,showcase_noStem2,30.0,50.0,0.7,0.4,59.7,81.6,69.0
38,showcase_noStem2,30.0,50.0,0.8,0.4,55.3,77.7,64.6
39,showcase_noStem2,40.0,50.0,0.6,0.4,72.6,91.3,80.9
40,showcase_noStem2,40.0,50.0,0.7,0.4,64.9,87.4,74.5
41,showcase_noStem2,40.0,50.0,0.8,0.4,62.2,84.5,71.6
42,showcase_noStem2,50.0,50.0,0.6,0.4,73.3,91.3,81.3
43,showcase_noStem2,50.0,50.0,0.7,0.4,64.9,87.4,74.5
44,showcase_noStem2,50.0,50.0,0.8,0.4,62.2,84.5,71.7
45,showcase_noStem2,6.0,50.0,0.5,0.05,46.1,66.0,54.3
46,showcase_noStem2,6.0,50.0,0.5,0.1,54.8,74.8,63.2
47,showcase_noStem2,6.0,50.0,0.5,0.2,54.8,68.9,61.0
48,showcase_noStem2,6.0,50.0,0.5,0.3,49.5,62.1,55.1
49,showcase_noStem2,6.0,50.0,0.5,0.4,49.8,68.9,57.9
50,showcase_noStem2,6.0,50.0,0.6,0.05,53.6,69.9,60.7
51,showcase_noStem2,6.0,50.0,0.6,0.1,35.4,48.5,41.0
52,showcase_noStem2,6.0,50.0,0.6,0.2,50.9,65.0,57.1
53,showcase_noStem2,6.0,50.0,0.6,0.3,55.5,69.9,61.9
54,showcase_noStem2,6.0,50.0,0.7,0.05,48.3,67.0,56.1
55,showcase_noStem2,6.0,50.0,0.7,0.1,45.5,68.9,54.8
56,showcase_noStem2,6.0,50.0,0.7,0.2,58.0,77.7,66.4
57,showcase_noStem2,6.0,50.0,0.7,0.3,45.5,58.3,51.1
58,showcase_noStem2,6.0,50.0,0.8,0.05,53.4,70.9,60.9
59,showcase_noStem2,6.0,50.0,0.8,0.1,46.0,65.0,53.9
60,showcase_noStem2,6.0,50.0,0.8,0.2,43.4,54.4,48.2
61,showcase_noStem2,6.0,50.0,0.8,0.3,56.5,77.7,65.4
62,showcase_noStem2,6.0,75.0,0.5,0.05,49.8,60.2,54.5
63,showcase_noStem2,6.0,75.0,0.5,0.1,57.2,71.8,63.7
64,showcase_noStem2,6.0,75.0,0.5,0.2,46.3,60.2,52.3
65,showcase_noStem2,6.0,75.0,0.6,0.05,38.9,54.4,45.4
66,showcase_noStem2,6.0,75.0,0.6,0.1,52.2,66.0,58.3
67,showcase_noStem2,6.0,75.0,0.6,0.2,51.6,65.0,57.6
68,showcase_noStem2,6.0,75.0,0.7,0.05,44.7,63.1,52.4
69,showcase_noStem2,6.0,75.0,0.7,0.1,48.1,62.1,54.2
70,showcase_noStem2,6.0,75.0,0.7,0.2,53.6,68.0,60.0
71,showcase_noStem2,6.0,75.0,0.8,0.05,55.4,72.8,62.9
72,showcase_noStem2,6.0,75.0,0.8,0.1,54.0,73.8,62.4
73,showcase_noStem2,6.0,75.0,0.8,0.2,50.0,60.2,54.6
74,showcase_noStem2,6.0,125.0,0.5,0.05,39.6,52.4,45.1
75,showcase_noStem2,6.0,125.0,0.5,0.1,42.9,53.4,47.6
76,showcase_noStem2,6.0,125.0,0.5,0.2,51.5,62.1,56.3
77,showcase_noStem2,6.0,125.0,0.6,0.05,40.0,53.4,45.7
78,showcase_noStem2,6.0,125.0,0.6,0.1,48.6,66.0,56.0
79,showcase_noStem2,6.0,125.0,0.6,0.2,46.2,56.3,50.8
80,showcase_noStem2,6.0,125.0,0.7,0.05,48.3,61.2,54.0
81,showcase_noStem2,6.0,125.0,0.7,0.1,43.5,51.5,47.2
82,showcase_noStem2,6.0,125.0,0.7,0.2,39.8,46.6,42.9
83,showcase_noStem2,6.0,125.0,0.8,0.05,43.4,56.3,49.0
84,showcase_noStem2,6.0,125.0,0.8,0.1,55.5,68.9,61.5
85,showcase_noStem2,6.0,125.0,0.8,0.2,40.6,49.5,44.6
86,showcase_noStem2,6.0,150.0,0.5,0.05,48.9,57.3,52.7
87,showcase_noStem2,6.0,150.0,0.5,0.1,38.9,46.6,42.4
88,showcase_noStem2,6.0,150.0,0.5,0.2,43.2,48.5,45.7
89,showcase_noStem2,6.0,150.0,0.6,0.05,48.5,62.1,54.5
90,showcase_noStem2,6.0,150.0,0.6,0.1,48.1,57.3,52.3
91,showcase_noStem2,6.0,150.0,0.6,0.2,40.9,49.5,44.8
92,showcase_noStem2,6.0,150.0,0.7,0.05,40.3,51.5,45.2
93,showcase_noStem2,6.0,150.0,0.7,0.1,42.4,50.5,46.1
94,showcase_noStem2,6.0,150.0,0.7,0.2,46.1,55.3,50.3
95,showcase_noStem2,6.0,150.0,0.8,0.05,50.0,64.1,56.2
96,showcase_noStem2,6.0,150.0,0.8,0.1,53.2,69.9,60.4
97,showcase_noStem2,6.0,150.0,0.8,0.2,36.4,40.8,38.5
98,showcase_noStem2,10.0,50.0,0.5,0.05,51.9,69.9,59.5
99,showcase_noStem2,10.0,50.0,0.5,0.1,58.5,77.7,66.7
100,showcase_noStem2,10.0,50.0,0.5,0.2,58.1,69.9,63.5
101,showcase_noStem2,10.0,50.0,0.5,0.3,62.3,87.4,72.8
102,showcase_noStem2,10.0,50.0,0.5,0.4,56.9,74.8,64.6
103,showcase_noStem2,10.0,50.0,0.6,0.05,57.7,72.8,64.4
104,showcase_noStem2,10.0,50.0,0.6,0.1,46.3,68.0,55.1
105,showcase_noStem2,10.0,50.0,0.6,0.2,55.7,70.9,62.4
106,showcase_noStem2,10.0,50.0,0.6,0.3,65.0,83.5,73.1
107,showcase_noStem2,10.0,50.0,0.7,0.05,49.6,68.0,57.3
108,showcase_noStem2,10.0,50.0,0.7,0.1,50.0,72.8,59.3
109,showcase_noStem2,10.0,50.0,0.7,0.2,60.2,85.4,70.7
110,showcase_noStem2,10.0,50.0,0.7,0.3,57.8,75.7,65.6
111,showcase_noStem2,10.0,50.0,0.8,0.05,60.7,83.5,70.3
112,showcase_noStem2,10.0,50.0,0.8,0.1,51.9,70.9,59.9
113,showcase_noStem2,10.0,50.0,0.8,0.2,58.7,77.7,66.8
114,showcase_noStem2,10.0,50.0,0.8,0.3,59.5,77.7,67.4
115,showcase_noStem2,10.0,75.0,0.5,0.05,59.5,76.7,67.0
116,showcase_noStem2,10.0,75.0,0.5,0.1,59.1,74.8,66.0
117,showcase_noStem2,10.0,75.0,0.5,0.2,56.4,72.8,63.6
118,showcase_noStem2,10.0,75.0,0.6,0.05,50.9,68.9,58.6
119,showcase_noStem2,10.0,75.0,0.6,0.1,58.3,72.8,64.7
120,showcase_noStem2,10.0,75.0,0.6,0.2,62.9,80.6,70.6
121,showcase_noStem2,10.0,75.0,0.7,0.05,52.0,68.9,59.3
122,showcase_noStem2,10.0,75.0,0.7,0.1,56.3,73.8,63.9
123,showcase_noStem2,10.0,75.0,0.7,0.2,54.7,68.9,61.0
124,showcase_noStem2,10.0,75.0,0.8,0.05,61.7,79.6,69.5
125,showcase_noStem2,10.0,75.0,0.8,0.1,61.8,80.6,69.9
126,showcase_noStem2,10.0,75.0,0.8,0.2,57.0,67.0,61.6
127,showcase_noStem2,10.0,125.0,0.5,0.05,50.5,68.0,58.0
128,showcase_noStem2,10.0,125.0,0.5,0.1,57.6,72.8,64.3
129,showcase_noStem2,10.0,125.0,0.5,0.2,62.2,76.7,68.7
130,showcase_noStem2,10.0,125.0,0.6,0.05,48.8,64.1,55.4
131,showcase_noStem2,10.0,125.0,0.6,0.1,59.7,77.7,67.5
132,showcase_noStem2,10.0,125.0,0.6,0.2,58.9,69.9,63.9
133,showcase_noStem2,10.0,125.0,0.7,0.05,54.3,77.7,63.9
134,showcase_noStem2,10.0,125.0,0.7,0.1,64.4,78.6,70.8
135,showcase_noStem2,10.0,125.0,0.7,0.2,49.6,63.1,55.5
136,showcase_noStem2,10.0,125.0,0.8,0.05,63.1,83.5,71.9
137,showcase_noStem2,10.0,125.0,0.8,0.1,60.5,75.7,67.3
138,showcase_noStem2,10.0,125.0,0.8,0.2,53.9,68.9,60.5
139,showcase_noStem2,10.0,150.0,0.5,0.05,65.5,72.8,69.0
140,showcase_noStem2,10.0,150.0,0.5,0.1,44.6,59.2,50.9
141,showcase_noStem2,10.0,150.0,0.5,0.2,65.0,75.7,69.9
142,showcase_noStem2,10.0,150.0,0.6,0.05,55.6,72.8,63.0
143,showcase_noStem2,10.0,150.0,0.6,0.1,59.5,68.9,63.9
144,showcase_noStem2,10.0,150.0,0.6,0.2,58.8,70.9,64.3
145,showcase_noStem2,10.0,150.0,0.7,0.05,44.5,58.3,50.5
146,showcase_noStem2,10.0,150.0,0.7,0.1,56.4,66.0,60.8
147,showcase_noStem2,10.0,150.0,0.7,0.2,57.9,71.8,64.1
148,showcase_noStem2,10.0,150.0,0.8,0.05,60.6,80.6,69.2
149,showcase_noStem2,10.0,150.0,0.8,0.1,60.7,77.7,68.2
150,showcase_noStem2,10.0,150.0,0.8,0.2,51.4,65.0,57.4
151,showcase_noStem2,20.0,50.0,0.5,0.05,53.0,70.9,60.7
152,showcase_noStem2,20.0,50.0,0.5,0.1,59.6,80.6,68.5
153,showcase_noStem2,20.0,50.0,0.5,0.2,65.4,77.7,71.0
154,showcase_noStem2,20.0,50.0,0.5,0.3,63.2,86.4,73.0
155,showcase_noStem2,20.0,50.0,0.5,0.4,61.7,82.5,70.6
156,showcase_noStem2,20.0,50.0,0.6,0.05,60.6,79.6,68.8
157,showcase_noStem2,20.0,50.0,0.6,0.1,53.6,72.8,61.7
158,showcase_noStem2,20.0,50.0,0.6,0.2,62.2,77.7,69.1
159,showcase_noStem2,20.0,50.0,0.6,0.3,70.2,88.3,78.2
160,showcase_noStem2,20.0,50.0,0.7,0.05,57.7,79.6,66.9
161,showcase_noStem2,20.0,50.0,0.7,0.1,57.3,84.5,68.3
162,showcase_noStem2,20.0,50.0,0.7,0.2,63.3,84.5,72.3
163,showcase_noStem2,20.0,50.0,0.7,0.3,58.1,74.8,65.4
164,showcase_noStem2,20.0,50.0,0.8,0.05,62.7,82.5,71.3
165,showcase_noStem2,20.0,50.0,0.8,0.1,60.0,82.5,69.4
166,showcase_noStem2,20.0,50.0,0.8,0.2,67.1,85.4,75.1
167,showcase_noStem2,20.0,50.0,0.8,0.3,61.1,82.5,70.2
168,showcase_noStem2,20.0,75.0,0.5,0.05,62.1,81.6,70.5
169,showcase_noStem2,20.0,75.0,0.5,0.1,64.2,77.7,70.3
170,showcase_noStem2,20.0,75.0,0.5,0.2,62.5,78.6,69.6
171,showcase_noStem2,20.0,75.0,0.6,0.05,60.8,80.6,69.3
172,showcase_noStem2,20.0,75.0,0.6,0.1,68.1,81.6,74.2
173,showcase_noStem2,20.0,75.0,0.6,0.2,67.1,82.5,74.0
174,showcase_noStem2,20.0,75.0,0.7,0.05,61.4,77.7,68.6
175,showcase_noStem2,20.0,75.0,0.7,0.1,68.1,87.4,76.5
176,showcase_noStem2,20.0,75.0,0.7,0.2,56.8,75.7,64.9
177,showcase_noStem2,20.0,75.0,0.8,0.05,62.4,86.4,72.5
178,showcase_noStem2,20.0,75.0,0.8,0.1,63.7,82.5,71.9
179,showcase_noStem2,20.0,75.0,0.8,0.2,64.7,77.7,70.6
180,showcase_noStem2,20.0,125.0,0.5,0.05,61.8,75.7,68.1
181,showcase_noStem2,20.0,125.0,0.5,0.1,63.2,76.7,69.3
182,showcase_noStem2,20.0,125.0,0.5,0.2,65.2,79.6,71.7
183,showcase_noStem2,20.0,125.0,0.6,0.05,62.7,76.7,69.0
184,showcase_noStem2,20.0,125.0,0.6,0.1,64.8,83.5,73.0
185,showcase_noStem2,20.0,125.0,0.6,0.2,63.4,74.8,68.6
186,showcase_noStem2,20.0,125.0,0.7,0.05,61.7,82.5,70.6
187,showcase_noStem2,20.0,125.0,0.7,0.1,72.5,87.4,79.3
188,showcase_noStem2,20.0,125.0,0.7,0.2,58.4,73.8,65.2
189,showcase_noStem2,20.0,125.0,0.8,0.05,66.1,87.4,75.2
190,showcase_noStem2,20.0,125.0,0.8,0.1,68.6,82.5,74.9
191,showcase_noStem2,20.0,125.0,0.8,0.2,63.2,78.6,70.1
192,showcase_noStem2,20.0,150.0,0.5,0.05,68.2,74.8,71.3
193,showcase_noStem2,20.0,150.0,0.5,0.1,60.4,74.8,66.8
194,showcase_noStem2,20.0,150.0,0.5,0.2,74.5,86.4,80.0
195,showcase_noStem2,20.0,150.0,0.6,0.05,60.9,77.7,68.3
196,showcase_noStem2,20.0,150.0,0.6,0.1,66.0,77.7,71.4
197,showcase_noStem2,20.0,150.0,0.6,0.2,68.2,77.7,72.6
198,showcase_noStem2,20.0,150.0,0.7,0.05,65.4,81.6,72.6
199,showcase_noStem2,20.0,150.0,0.7,0.1,67.3,80.6,73.4
200,showcase_noStem2,20.0,150.0,0.7,0.2,62.5,78.6,69.6
201,showcase_noStem2,20.0,150.0,0.8,0.05,67.2,90.3,77.1
202,showcase_noStem2,20.0,150.0,0.8,0.1,66.0,82.5,73.4
203,showcase_noStem2,20.0,150.0,0.8,0.2,63.9,76.7,69.7
204,showcase_noStem2,30.0,50.0,0.5,0.05,60.2,78.6,68.2
205,showcase_noStem2,30.0,50.0,0.5,0.1,62.8,83.5,71.7
206,showcase_noStem2,30.0,50.0,0.5,0.2,67.8,81.6,74.0
207,showcase_noStem2,30.0,50.0,0.5,0.3,64.8,88.3,74.8
208,showcase_noStem2,30.0,50.0,0.5,0.4,64.7,84.5,73.3
209,showcase_noStem2,30.0,50.0,0.6,0.05,68.3,80.6,73.9
210,showcase_noStem2,30.0,50.0,0.6,0.1,62.9,82.5,71.4
211,showcase_noStem2,30.0,50.0,0.6,0.2,62.7,76.7,69.0
212,showcase_noStem2,30.0,50.0,0.6,0.3,69.5,87.4,77.4
213,showcase_noStem2,30.0,50.0,0.7,0.05,66.3,87.4,75.4
214,showcase_noStem2,30.0,50.0,0.7,0.1,64.1,88.3,74.3
215,showcase_noStem2,30.0,50.0,0.7,0.2,62.8,88.3,73.4
216,showcase_noStem2,30.0,50.0,0.7,0.3,62.9,81.6,71.0
217,showcase_noStem2,30.0,50.0,0.8,0.05,65.5,85.4,74.1
218,showcase_noStem2,30.0,50.0,0.8,0.1,62.8,88.3,73.4
219,showcase_noStem2,30.0,50.0,0.8,0.2,65.8,88.3,75.4
220,showcase_noStem2,30.0,50.0,0.8,0.3,62.6,84.5,71.9
221,showcase_noStem2,30.0,75.0,0.5,0.05,64.7,84.5,73.3
222,showcase_noStem2,30.0,75.0,0.5,0.1,64.8,78.6,71.0
223,showcase_noStem2,30.0,75.0,0.5,0.2,66.7,79.6,72.6
224,showcase_noStem2,30.0,75.0,0.6,0.05,65.6,85.4,74.2
225,showcase_noStem2,30.0,75.0,0.6,0.1,70.6,83.5,76.5
226,showcase_noStem2,30.0,75.0,0.6,0.2,69.5,84.5,76.3
227,showcase_noStem2,30.0,75.0,0.7,0.05,63.0,82.5,71.4
228,showcase_noStem2,30.0,75.0,0.7,0.1,69.5,87.4,77.4
229,showcase_noStem2,30.0,75.0,0.7,0.2,59.1,78.6,67.5
230,showcase_noStem2,30.0,75.0,0.8,0.05,66.7,90.3,76.7
231,showcase_noStem2,30.0,75.0,0.8,0.1,67.8,88.3,76.7
232,showcase_noStem2,30.0,75.0,0.8,0.2,66.6,83.5,74.1
233,showcase_noStem2,30.0,125.0,0.5,0.05,68.5,83.5,75.3
234,showcase_noStem2,30.0,125.0,0.5,0.1,69.3,81.6,75.0
235,showcase_noStem2,30.0,125.0,0.5,0.2,65.7,81.6,72.8
236,showcase_noStem2,30.0,125.0,0.6,0.05,67.4,81.6,73.8
237,showcase_noStem2,30.0,125.0,0.6,0.1,68.5,86.4,76.4
238,showcase_noStem2,30.0,125.0,0.6,0.2,65.4,76.7,70.6
239,showcase_noStem2,30.0,125.0,0.7,0.05,60.3,79.6,68.6
240,showcase_noStem2,30.0,125.0,0.7,0.1,74.0,88.3,80.5
241,showcase_noStem2,30.0,125.0,0.7,0.2,65.7,80.6,72.4
242,showcase_noStem2,30.0,125.0,0.8,0.05,66.9,90.3,76.8
243,showcase_noStem2,30.0,125.0,0.8,0.1,69.1,84.5,76.0
244,showcase_noStem2,30.0,125.0,0.8,0.2,68.0,84.5,75.4
245,showcase_noStem2,30.0,150.0,0.5,0.05,69.8,80.6,74.8
246,showcase_noStem2,30.0,150.0,0.5,0.1,62.9,76.7,69.1
247,showcase_noStem2,30.0,150.0,0.5,0.2,75.4,87.4,81.0
248,showcase_noStem2,30.0,150.0,0.6,0.05,63.2,79.6,70.5
249,showcase_noStem2,30.0,150.0,0.6,0.1,71.0,82.5,76.3
250,showcase_noStem2,30.0,150.0,0.6,0.2,68.6,81.6,74.5
251,showcase_noStem2,30.0,150.0,0.7,0.05,67.1,82.5,74.0
252,showcase_noStem2,30.0,150.0,0.7,0.1,71.0,85.4,77.5
253,showcase_noStem2,30.0,150.0,0.7,0.2,59.4,74.8,66.2
254,showcase_noStem2,30.0,150.0,0.8,0.05,67.5,92.2,77.9
255,showcase_noStem2,30.0,150.0,0.8,0.1,69.3,83.5,75.8
256,showcase_noStem2,30.0,150.0,0.8,0.2,67.9,79.6,73.3
257,showcase_noStem2,40.0,50.0,0.5,0.05,63.4,81.6,71.3
258,showcase_noStem2,40.0,50.0,0.5,0.1,72.1,88.3,79.4
259,showcase_noStem2,40.0,50.0,0.5,0.2,73.1,88.3,80.0
260,showcase_noStem2,40.0,50.0,0.5,0.3,64.5,88.3,74.5
261,showcase_noStem2,40.0,50.0,0.5,0.4,68.6,88.3,77.3
262,showcase_noStem2,40.0,50.0,0.6,0.05,70.1,81.6,75.4
263,showcase_noStem2,40.0,50.0,0.6,0.1,64.3,84.5,73.0
264,showcase_noStem2,40.0,50.0,0.6,0.2,71.3,88.3,78.9
265,showcase_noStem2,40.0,50.0,0.6,0.3,71.9,90.3,80.0
266,showcase_noStem2,40.0,50.0,0.7,0.05,68.9,90.3,78.2
267,showcase_noStem2,40.0,50.0,0.7,0.1,71.4,93.2,80.9
268,showcase_noStem2,40.0,50.0,0.7,0.2,68.2,93.2,78.7
269,showcase_noStem2,40.0,50.0,0.7,0.3,67.8,87.4,76.4
270,showcase_noStem2,40.0,50.0,0.8,0.05,65.5,85.4,74.1
271,showcase_noStem2,40.0,50.0,0.8,0.1,67.2,91.3,77.4
272,showcase_noStem2,40.0,50.0,0.8,0.2,66.3,89.3,76.1
273,showcase_noStem2,40.0,50.0,0.8,0.3,67.4,87.4,76.1
274,showcase_noStem2,40.0,75.0,0.5,0.05,66.0,84.5,74.1
275,showcase_noStem2,40.0,75.0,0.5,0.1,70.1,83.5,76.2
276,showcase_noStem2,40.0,75.0,0.5,0.2,69.6,82.5,75.5
277,showcase_noStem2,40.0,75.0,0.6,0.05,68.2,87.4,76.6
278,showcase_noStem2,40.0,75.0,0.6,0.1,74.6,87.4,80.5
279,showcase_noStem2,40.0,75.0,0.6,0.2,72.1,87.4,79.0
280,showcase_noStem2,40.0,75.0,0.7,0.05,67.8,87.4,76.3
281,showcase_noStem2,40.0,75.0,0.7,0.1,71.7,90.3,79.9
282,showcase_noStem2,40.0,75.0,0.7,0.2,65.5,86.4,74.5
283,showcase_noStem2,40.0,75.0,0.8,0.05,67.5,91.3,77.6
284,showcase_noStem2,40.0,75.0,0.8,0.1,71.8,91.3,80.3
285,showcase_noStem2,40.0,75.0,0.8,0.2,68.3,84.5,75.5
286,showcase_noStem2,40.0,125.0,0.5,0.05,70.2,84.5,76.7
287,showcase_noStem2,40.0,125.0,0.5,0.1,69.0,81.6,74.8
288,showcase_noStem2,40.0,125.0,0.5,0.2,70.3,84.5,76.7
289,showcase_noStem2,40.0,125.0,0.6,0.05,70.8,84.5,77.0
290,showcase_noStem2,40.0,125.0,0.6,0.1,69.2,86.4,76.8
291,showcase_noStem2,40.0,125.0,0.6,0.2,70.1,81.6,75.4
292,showcase_noStem2,40.0,125.0,0.7,0.05,64.2,85.4,73.3
293,showcase_noStem2,40.0,125.0,0.7,0.1,73.3,86.4,79.3
294,showcase_noStem2,40.0,125.0,0.7,0.2,70.2,84.5,76.7
295,showcase_noStem2,40.0,125.0,0.8,0.05,66.0,89.3,75.9
296,showcase_noStem2,40.0,125.0,0.8,0.1,68.7,85.4,76.2
297,showcase_noStem2,40.0,125.0,0.8,0.2,68.5,86.4,76.4
298,showcase_noStem2,40.0,150.0,0.5,0.05,72.0,83.5,77.3
299,showcase_noStem2,40.0,150.0,0.5,0.1,67.7,79.6,73.2
300,showcase_noStem2,40.0,150.0,0.5,0.2,75.0,87.4,80.7
301,showcase_noStem2,40.0,150.0,0.6,0.05,67.7,83.5,74.8
302,showcase_noStem2,40.0,150.0,0.6,0.1,74.6,85.4,79.6
303,showcase_noStem2,40.0,150.0,0.6,0.2,73.0,84.5,78.3
304,showcase_noStem2,40.0,150.0,0.7,0.05,72.9,91.3,81.1
305,showcase_noStem2,40.0,150.0,0.7,0.1,71.7,85.4,78.0
306,showcase_noStem2,40.0,150.0,0.7,0.2,62.1,77.7,69.0
307,showcase_noStem2,40.0,150.0,0.8,0.05,69.5,94.2,80.0
308,showcase_noStem2,40.0,150.0,0.8,0.1,69.7,85.4,76.8
309,showcase_noStem2,40.0,150.0,0.8,0.2,69.7,82.5,75.6
310,showcase_noStem2,50.0,50.0,0.5,0.05,63.4,81.6,71.3
311,showcase_noStem2,50.0,50.0,0.5,0.1,72.1,88.3,79.4
312,showcase_noStem2,50.0,50.0,0.5,0.2,73.1,88.3,80.0
313,showcase_noStem2,50.0,50.0,0.5,0.3,66.7,89.3,76.4
314,showcase_noStem2,50.0,50.0,0.5,0.4,68.6,88.3,77.3
315,showcase_noStem2,50.0,50.0,0.6,0.05,70.1,81.6,75.4
316,showcase_noStem2,50.0,50.0,0.6,0.1,66.1,85.4,74.5
317,showcase_noStem2,50.0,50.0,0.6,0.2,71.3,88.3,78.9
318,showcase_noStem2,50.0,50.0,0.6,0.3,71.9,90.3,80.0
319,showcase_noStem2,50.0,50.0,0.7,0.05,68.9,90.3,78.2
320,showcase_noStem2,50.0,50.0,0.7,0.1,71.4,93.2,80.9
321,showcase_noStem2,50.0,50.0,0.7,0.2,68.2,93.2,78.7
322,showcase_noStem2,50.0,50.0,0.7,0.3,71.0,91.3,79.9
323,showcase_noStem2,50.0,50.0,0.8,0.05,65.5,85.4,74.1
324,showcase_noStem2,50.0,50.0,0.8,0.1,67.2,91.3,77.4
325,showcase_noStem2,50.0,50.0,0.8,0.2,66.3,89.3,76.1
326,showcase_noStem2,50.0,50.0,0.8,0.3,67.4,87.4,76.1
327,showcase_noStem2,50.0,75.0,0.5,0.05,66.0,84.5,74.1
328,showcase_noStem2,50.0,75.0,0.5,0.1,73.7,86.4,79.6
329,showcase_noStem2,50.0,75.0,0.5,0.2,74.6,89.3,81.3
330,showcase_noStem2,50.0,75.0,0.6,0.05,68.9,88.3,77.4
331,showcase_noStem2,50.0,75.0,0.6,0.1,76.6,89.3,82.5
332,showcase_noStem2,50.0,75.0,0.6,0.2,76.5,91.3,83.2
333,showcase_noStem2,50.0,75.0,0.7,0.05,67.8,87.4,76.3
334,showcase_noStem2,50.0,75.0,0.7,0.1,71.7,90.3,79.9
335,showcase_noStem2,50.0,75.0,0.7,0.2,71.9,90.3,80.1
336,showcase_noStem2,50.0,75.0,0.8,0.05,67.5,91.3,77.6
337,showcase_noStem2,50.0,75.0,0.8,0.1,72.7,92.2,81.3
338,showcase_noStem2,50.0,75.0,0.8,0.2,73.7,89.3,80.8
339,showcase_noStem2,50.0,125.0,0.5,0.05,72.5,86.4,78.8
340,showcase_noStem2,50.0,125.0,0.5,0.1,72.5,83.5,77.6
341,showcase_noStem2,50.0,125.0,0.5,0.2,73.6,86.4,79.5
342,showcase_noStem2,50.0,125.0,0.6,0.05,74.6,89.3,81.3
343,showcase_noStem2,50.0,125.0,0.6,0.1,70.9,86.4,77.9
344,showcase_noStem2,50.0,125.0,0.6,0.2,74.2,84.5,79.0
345,showcase_noStem2,50.0,125.0,0.7,0.05,64.1,84.5,72.9
346,showcase_noStem2,50.0,125.0,0.7,0.1,74.3,88.3,80.7
347,showcase_noStem2,50.0,125.0,0.7,0.2,69.0,84.5,76.0
348,showcase_noStem2,50.0,125.0,0.8,0.05,66.0,89.3,75.9
349,showcase_noStem2,50.0,125.0,0.8,0.1,72.8,90.3,80.6
350,showcase_noStem2,50.0,125.0,0.8,0.2,70.4,87.4,78.0
351,showcase_noStem2,50.0,150.0,0.5,0.05,72.1,82.5,77.0
352,showcase_noStem2,50.0,150.0,0.5,0.1,70.0,82.5,75.7
353,showcase_noStem2,50.0,150.0,0.5,0.2,77.7,89.3,83.1
354,showcase_noStem2,50.0,150.0,0.6,0.05,73.0,88.3,80.0
355,showcase_noStem2,50.0,150.0,0.6,0.1,73.2,83.5,78.0
356,showcase_noStem2,50.0,150.0,0.6,0.2,72.0,83.5,77.3
357,showcase_noStem2,50.0,150.0,0.7,0.05,74.3,90.3,81.5
358,showcase_noStem2,50.0,150.0,0.7,0.1,79.1,90.3,84.3
359,showcase_noStem2,50.0,150.0,0.7,0.2,64.8,78.6,71.1
360,showcase_noStem2,50.0,150.0,0.8,0.05,69.5,94.2,80.0
361,showcase_noStem2,50.0,150.0,0.8,0.1,75.6,91.3,82.7
362,showcase_noStem2,50.0,150.0,0.8,0.2,73.3,86.4,79.3
363,showcase_noStem2,60.0,75.0,0.5,0.05,66.0,84.5,74.1
364,showcase_noStem2,60.0,75.0,0.5,0.1,73.7,86.4,79.6
365,showcase_noStem2,60.0,75.0,0.5,0.2,75.6,90.3,82.3
366,showcase_noStem2,60.0,75.0,0.6,0.05,68.9,88.3,77.4
367,showcase_noStem2,60.0,75.0,0.6,0.1,76.6,89.3,82.5
368,showcase_noStem2,60.0,75.0,0.6,0.2,76.5,91.3,83.2
369,showcase_noStem2,60.0,75.0,0.7,0.05,67.8,87.4,76.3
370,showcase_noStem2,60.0,75.0,0.7,0.1,71.7,90.3,79.9
371,showcase_noStem2,60.0,75.0,0.7,0.2,71.8,89.3,79.6
372,showcase_noStem2,60.0,75.0,0.8,0.05,67.5,91.3,77.6
373,showcase_noStem2,60.0,75.0,0.8,0.1,72.7,92.2,81.3
374,showcase_noStem2,60.0,75.0,0.8,0.2,74.4,90.3,81.6
375,showcase_noStem2,60.0,125.0,0.5,0.05,72.5,86.4,78.8
376,showcase_noStem2,60.0,125.0,0.5,0.1,73.5,85.4,79.0
377,showcase_noStem2,60.0,125.0,0.5,0.2,75.6,89.3,81.9
378,showcase_noStem2,60.0,125.0,0.6,0.05,75.6,90.3,82.3
379,showcase_noStem2,60.0,125.0,0.6,0.1,71.0,86.4,77.9
380,showcase_noStem2,60.0,125.0,0.6,0.2,80.4,91.3,85.5
381,showcase_noStem2,60.0,125.0,0.7,0.05,64.1,84.5,72.9
382,showcase_noStem2,60.0,125.0,0.7,0.1,74.3,88.3,80.7
383,showcase_noStem2,60.0,125.0,0.7,0.2,74.1,88.3,80.6
384,showcase_noStem2,60.0,125.0,0.8,0.05,66.0,89.3,75.9
385,showcase_noStem2,60.0,125.0,0.8,0.1,72.8,90.3,80.6
386,showcase_noStem2,60.0,125.0,0.8,0.2,72.4,89.3,80.0
387,showcase_noStem2,60.0,150.0,0.5,0.05,72.1,82.5,77.0
388,showcase_noStem2,60.0,150.0,0.5,0.1,75.5,88.3,81.4
389,showcase_noStem2,60.0,150.0,0.5,0.2,77.1,89.3,82.8
390,showcase_noStem2,60.0,150.0,0.6,0.05,73.0,88.3,80.0
391,showcase_noStem2,60.0,150.0,0.6,0.1,79.4,88.3,83.6
392,showcase_noStem2,60.0,150.0,0.6,0.2,74.6,85.4,79.6
393,showcase_noStem2,60.0,150.0,0.7,0.05,74.3,90.3,81.5
394,showcase_noStem2,60.0,150.0,0.7,0.1,79.1,90.3,84.3
395,showcase_noStem2,60.0,150.0,0.7,0.2,70.2,83.5,76.3
396,showcase_noStem2,60.0,150.0,0.8,0.05,69.5,94.2,80.0
397,showcase_noStem2,60.0,150.0,0.8,0.1,75.6,91.3,82.7
398,showcase_noStem2,60.0,150.0,0.8,0.2,75.6,88.3,81.5
399,showcase_noStem2,70.0,75.0,0.5,0.05,66.0,84.5,74.1
400,showcase_noStem2,70.0,75.0,0.5,0.1,73.7,86.4,79.6
401,showcase_noStem2,70.0,75.0,0.5,0.2,75.6,90.3,82.3
402,showcase_noStem2,70.0,75.0,0.6,0.05,68.9,88.3,77.4
403,showcase_noStem2,70.0,75.0,0.6,0.1,76.6,89.3,82.5
404,showcase_noStem2,70.0,75.0,0.6,0.2,76.5,91.3,83.2
405,showcase_noStem2,70.0,75.0,0.7,0.05,67.8,87.4,76.3
406,showcase_noStem2,70.0,75.0,0.7,0.1,71.7,90.3,79.9
407,showcase_noStem2,70.0,75.0,0.7,0.2,71.8,89.3,79.6
408,showcase_noStem2,70.0,75.0,0.8,0.05,67.5,91.3,77.6
409,showcase_noStem2,70.0,75.0,0.8,0.1,72.7,92.2,81.3
410,showcase_noStem2,70.0,75.0,0.8,0.2,74.4,90.3,81.6
411,showcase_noStem2,70.0,125.0,0.5,0.05,72.5,86.4,78.8
412,showcase_noStem2,70.0,125.0,0.5,0.1,73.5,85.4,79.0
413,showcase_noStem2,70.0,125.0,0.5,0.2,75.6,89.3,81.9
414,showcase_noStem2,70.0,125.0,0.6,0.05,75.6,90.3,82.3
415,showcase_noStem2,70.0,125.0,0.6,0.1,71.0,86.4,77.9
416,showcase_noStem2,70.0,125.0,0.6,0.2,81.3,92.2,86.4
417,showcase_noStem2,70.0,125.0,0.7,0.05,64.1,84.5,72.9
418,showcase_noStem2,70.0,125.0,0.7,0.1,74.3,88.3,80.7
419,showcase_noStem2,70.0,125.0,0.7,0.2,74.1,88.3,80.6
420,showcase_noStem2,70.0,125.0,0.8,0.05,66.0,89.3,75.9
421,showcase_noStem2,70.0,125.0,0.8,0.1,72.8,90.3,80.6
422,showcase_noStem2,70.0,125.0,0.8,0.2,72.4,89.3,80.0
423,showcase_noStem2,70.0,150.0,0.5,0.05,72.1,82.5,77.0
424,showcase_noStem2,70.0,150.0,0.5,0.1,75.5,88.3,81.4
425,showcase_noStem2,70.0,150.0,0.5,0.2,77.1,89.3,82.8
426,showcase_noStem2,70.0,150.0,0.6,0.05,73.0,88.3,80.0
427,showcase_noStem2,70.0,150.0,0.6,0.1,77.9,87.4,82.4
428,showcase_noStem2,70.0,150.0,0.6,0.2,76.3,86.4,81.0
429,showcase_noStem2,70.0,150.0,0.7,0.05,74.3,90.3,81.5
430,showcase_noStem2,70.0,150.0,0.7,0.1,79.1,90.3,84.3
431,showcase_noStem2,70.0,150.0,0.7,0.2,70.7,83.5,76.6
432,showcase_noStem2,70.0,150.0,0.8,0.05,69.5,94.2,80.0
433,showcase_noStem2,70.0,150.0,0.8,0.1,75.6,91.3,82.7
434,showcase_noStem2,70.0,150.0,0.8,0.2,76.5,89.3,82.4
